"PROTEINNAME","PEPTIDESEQUENCE","CONDITION","CONCENTRATION","INTENSITY","SITE","NAME"
"1","CRP","ESDTSYVSLK","A-0",0,2.45539401949447,"19","CPTAC_7_Linear_spike"
"2","CRP","ESDTSYVSLK","A-0",0,2.84104754669381,"19","CPTAC_7_Linear_spike"
"3","CRP","ESDTSYVSLK","A-0",0,3.89951377633711,"19","CPTAC_7_Linear_spike"
"4","CRP","ESDTSYVSLK","A-0",0,2.68246144061059,"19","CPTAC_7_Linear_spike"
"5","CRP","ESDTSYVSLK","B-60",1,3.73647754689081,"19","CPTAC_7_Linear_spike"
"6","CRP","ESDTSYVSLK","B-60",1,2.434771144696,"19","CPTAC_7_Linear_spike"
"7","CRP","ESDTSYVSLK","B-60",1,2.51153440071737,"19","CPTAC_7_Linear_spike"
"8","CRP","ESDTSYVSLK","B-60",1,4.6770836720757,"19","CPTAC_7_Linear_spike"
"9","CRP","ESDTSYVSLK","C-175",2.91666666666667,3.67967194302879,"19","CPTAC_7_Linear_spike"
"10","CRP","ESDTSYVSLK","C-175",2.91666666666667,3.45789180145009,"19","CPTAC_7_Linear_spike"
"11","CRP","ESDTSYVSLK","C-175",2.91666666666667,3.92481465052912,"19","CPTAC_7_Linear_spike"
"12","CRP","ESDTSYVSLK","C-175",2.91666666666667,2.8420017322118,"19","CPTAC_7_Linear_spike"
"13","CRP","ESDTSYVSLK","D-513",8.55,3.26685044051673,"19","CPTAC_7_Linear_spike"
"14","CRP","ESDTSYVSLK","D-513",8.55,3.37070889573812,"19","CPTAC_7_Linear_spike"
"15","CRP","ESDTSYVSLK","D-513",8.55,3.56560648476058,"19","CPTAC_7_Linear_spike"
"16","CRP","ESDTSYVSLK","D-513",8.55,4.58271030625243,"19","CPTAC_7_Linear_spike"
"17","CRP","ESDTSYVSLK","E-1500",25,10.1080089667821,"19","CPTAC_7_Linear_spike"
"18","CRP","ESDTSYVSLK","E-1500",25,11.5207267026329,"19","CPTAC_7_Linear_spike"
"19","CRP","ESDTSYVSLK","E-1500",25,12.4709240854303,"19","CPTAC_7_Linear_spike"
"20","CRP","ESDTSYVSLK","E-1500",25,10.3838895510528,"19","CPTAC_7_Linear_spike"
"21","CRP","ESDTSYVSLK","F-2760",46,23.7293656183731,"19","CPTAC_7_Linear_spike"
"22","CRP","ESDTSYVSLK","F-2760",46,26.1034789558609,"19","CPTAC_7_Linear_spike"
"23","CRP","ESDTSYVSLK","F-2760",46,20.9810399738072,"19","CPTAC_7_Linear_spike"
"24","CRP","ESDTSYVSLK","F-2760",46,22.7590507474222,"19","CPTAC_7_Linear_spike"
"25","CRP","ESDTSYVSLK","G-4980",83,38.3629588339733,"19","CPTAC_7_Linear_spike"
"26","CRP","ESDTSYVSLK","G-4980",83,49.8702414561013,"19","CPTAC_7_Linear_spike"
"27","CRP","ESDTSYVSLK","G-4980",83,33.9729812711084,"19","CPTAC_7_Linear_spike"
"28","CRP","ESDTSYVSLK","G-4980",83,44.4244604316547,"19","CPTAC_7_Linear_spike"
"29","CRP","ESDTSYVSLK","H-9060",151,73.6128288972095,"19","CPTAC_7_Linear_spike"
"30","CRP","ESDTSYVSLK","H-9060",151,75.0248695616867,"19","CPTAC_7_Linear_spike"
"31","CRP","ESDTSYVSLK","H-9060",151,65.5905699317353,"19","CPTAC_7_Linear_spike"
"32","CRP","ESDTSYVSLK","H-9060",151,72.3818830896871,"19","CPTAC_7_Linear_spike"
"33","CRP","ESDTSYVSLK","I-16500",275,136.964934315489,"19","CPTAC_7_Linear_spike"
"34","CRP","ESDTSYVSLK","I-16500",275,146.454036416371,"19","CPTAC_7_Linear_spike"
"35","CRP","ESDTSYVSLK","I-16500",275,150.195855958073,"19","CPTAC_7_Linear_spike"
"36","CRP","ESDTSYVSLK","I-16500",275,138.342606364421,"19","CPTAC_7_Linear_spike"
"37","CRP","ESDTSYVSLK","J-30000",500,221.971773694356,"19","CPTAC_7_Linear_spike"
"38","CRP","ESDTSYVSLK","J-30000",500,236.188569570343,"19","CPTAC_7_Linear_spike"
"39","CRP","ESDTSYVSLK","J-30000",500,210.565964180063,"19","CPTAC_7_Linear_spike"
"40","CRP","ESDTSYVSLK","J-30000",500,228.408623807958,"19","CPTAC_7_Linear_spike"
