"PROTEINNAME","PEPTIDESEQUENCE","CONDITION","CONCENTRATION","INTENSITY","SITE","NAME"
"1","APR","AGLCQTFVYGGCR","A-0",0,0.758241462034018,"86","CPTAC_7_Linear_spike"
"2","APR","AGLCQTFVYGGCR","A-0",0,0.66257142857143,"86","CPTAC_7_Linear_spike"
"3","APR","AGLCQTFVYGGCR","A-0",0,0.654795564476005,"86","CPTAC_7_Linear_spike"
"4","APR","AGLCQTFVYGGCR","A-0",0,0.981251445961097,"86","CPTAC_7_Linear_spike"
"5","APR","AGLCQTFVYGGCR","B-60",1,1.42210630261218,"86","CPTAC_7_Linear_spike"
"6","APR","AGLCQTFVYGGCR","B-60",1,1.59238869652051,"86","CPTAC_7_Linear_spike"
"7","APR","AGLCQTFVYGGCR","B-60",1,1.80421383173469,"86","CPTAC_7_Linear_spike"
"8","APR","AGLCQTFVYGGCR","B-60",1,2.11621265967827,"86","CPTAC_7_Linear_spike"
"9","APR","AGLCQTFVYGGCR","C-175",2.91666666666667,3.45326987610732,"86","CPTAC_7_Linear_spike"
"10","APR","AGLCQTFVYGGCR","C-175",2.91666666666667,3.36605125454058,"86","CPTAC_7_Linear_spike"
"11","APR","AGLCQTFVYGGCR","C-175",2.91666666666667,3.69441414910071,"86","CPTAC_7_Linear_spike"
"12","APR","AGLCQTFVYGGCR","C-175",2.91666666666667,3.63250007984268,"86","CPTAC_7_Linear_spike"
"13","APR","AGLCQTFVYGGCR","D-513",8.55,10.0121624188658,"86","CPTAC_7_Linear_spike"
"14","APR","AGLCQTFVYGGCR","D-513",8.55,8.42097214567212,"86","CPTAC_7_Linear_spike"
"15","APR","AGLCQTFVYGGCR","D-513",8.55,10.8178997537025,"86","CPTAC_7_Linear_spike"
"16","APR","AGLCQTFVYGGCR","D-513",8.55,11.0775577335293,"86","CPTAC_7_Linear_spike"
"17","APR","AGLCQTFVYGGCR","E-1500",25,24.2203850862135,"86","CPTAC_7_Linear_spike"
"18","APR","AGLCQTFVYGGCR","E-1500",25,27.6590713113596,"86","CPTAC_7_Linear_spike"
"19","APR","AGLCQTFVYGGCR","E-1500",25,28.0025532078098,"86","CPTAC_7_Linear_spike"
"20","APR","AGLCQTFVYGGCR","E-1500",25,26.1863233416647,"86","CPTAC_7_Linear_spike"
"21","APR","AGLCQTFVYGGCR","F-2760",46,50.1433405584119,"86","CPTAC_7_Linear_spike"
"22","APR","AGLCQTFVYGGCR","F-2760",46,45.9163944930452,"86","CPTAC_7_Linear_spike"
"23","APR","AGLCQTFVYGGCR","F-2760",46,42.4351524985199,"86","CPTAC_7_Linear_spike"
"24","APR","AGLCQTFVYGGCR","F-2760",46,52.9379167246549,"86","CPTAC_7_Linear_spike"
"25","APR","AGLCQTFVYGGCR","G-4980",83,84.8908871752714,"86","CPTAC_7_Linear_spike"
"26","APR","AGLCQTFVYGGCR","G-4980",83,85.7972507370441,"86","CPTAC_7_Linear_spike"
"27","APR","AGLCQTFVYGGCR","G-4980",83,92.6191415354825,"86","CPTAC_7_Linear_spike"
"28","APR","AGLCQTFVYGGCR","G-4980",83,98.2364030162042,"86","CPTAC_7_Linear_spike"
"29","APR","AGLCQTFVYGGCR","H-9060",151,108.035475397076,"86","CPTAC_7_Linear_spike"
"30","APR","AGLCQTFVYGGCR","H-9060",151,124.931857282383,"86","CPTAC_7_Linear_spike"
"31","APR","AGLCQTFVYGGCR","H-9060",151,156.586704216071,"86","CPTAC_7_Linear_spike"
"32","APR","AGLCQTFVYGGCR","H-9060",151,143.400655684624,"86","CPTAC_7_Linear_spike"
"33","APR","AGLCQTFVYGGCR","I-16500",275,245.292887599647,"86","CPTAC_7_Linear_spike"
"34","APR","AGLCQTFVYGGCR","I-16500",275,261.909939397867,"86","CPTAC_7_Linear_spike"
"35","APR","AGLCQTFVYGGCR","I-16500",275,363.862237658394,"86","CPTAC_7_Linear_spike"
"36","APR","AGLCQTFVYGGCR","I-16500",275,316.083608613201,"86","CPTAC_7_Linear_spike"
"37","APR","AGLCQTFVYGGCR","J-30000",500,486.152565118272,"86","CPTAC_7_Linear_spike"
"38","APR","AGLCQTFVYGGCR","J-30000",500,467.159782388446,"86","CPTAC_7_Linear_spike"
"39","APR","AGLCQTFVYGGCR","J-30000",500,496.398058279419,"86","CPTAC_7_Linear_spike"
"40","APR","AGLCQTFVYGGCR","J-30000",500,393.824933841465,"86","CPTAC_7_Linear_spike"
