"ProteinName","PeptideSequence","PrecursorCharge","FragmentIon","ProductCharge","IsotopeLabelType","Condition","BioReplicate","Run","Intensity"
"243","IDHC","ATDVIVPEEGELR",2,"y7","NA","H",1,"ReplA",1,84361.0835
"244","IDHC","ATDVIVPEEGELR",2,"y7","NA","L",1,"ReplA",1,215.1352555
"245","IDHC","ATDVIVPEEGELR",2,"y8","NA","H",1,"ReplA",1,29778.10188
"246","IDHC","ATDVIVPEEGELR",2,"y8","NA","L",1,"ReplA",1,98.0213429
"247","IDHC","ATDVIVPEEGELR",2,"y9","NA","H",1,"ReplA",1,17921.29255
"248","IDHC","ATDVIVPEEGELR",2,"y9","NA","L",1,"ReplA",1,60.4702936
"249","IDHC","DQTNDQVTVDSATATLK",2,"y10","NA","H",1,"ReplA",1,4481.22888
"250","IDHC","DQTNDQVTVDSATATLK",2,"y10","NA","L",1,"ReplA",1,65.1626812
"251","IDHC","DQTNDQVTVDSATATLK",2,"y11","NA","H",1,"ReplA",1,1871.042343
"252","IDHC","DQTNDQVTVDSATATLK",2,"y11","NA","L",1,"ReplA",1,174.7607277
"253","IDHC","DQTNDQVTVDSATATLK",2,"y8","NA","H",1,"ReplA",1,2640.0596
"254","IDHC","DQTNDQVTVDSATATLK",2,"y8","NA","L",1,"ReplA",1,187.3422894
"419","PMG2","DYEGKPPPVDLDR",3,"y6","NA","H",1,"ReplA",1,1251.101735
"420","PMG2","DYEGKPPPVDLDR",3,"y6","NA","L",1,"ReplA",1,3179.736893
"421","PMG2","DYEGKPPPVDLDR",3,"y7","NA","H",1,"ReplA",1,457.4965012
"422","PMG2","DYEGKPPPVDLDR",3,"y7","NA","L",1,"ReplA",1,1589.665802
"423","PMG2","DYEGKPPPVDLDR",3,"y8","NA","H",1,"ReplA",1,80.7471033
"424","PMG2","DYEGKPPPVDLDR",3,"y8","NA","L",1,"ReplA",1,1322.03895
"425","PMG2","ILEGISDDDIK",2,"y4","NA","H",1,"ReplA",1,1511.165682
"426","PMG2","ILEGISDDDIK",2,"y4","NA","L",1,"ReplA",1,1485.415819
"427","PMG2","ILEGISDDDIK",2,"y6","NA","H",1,"ReplA",1,1969.106498
"428","PMG2","ILEGISDDDIK",2,"y6","NA","L",1,"ReplA",1,1075.136893
"429","PMG2","ILEGISDDDIK",2,"y8","NA","H",1,"ReplA",1,512.352085
"430","PMG2","ILEGISDDDIK",2,"y8","NA","L",1,"ReplA",1,1386.258107
"715","IDHC","ATDVIVPEEGELR",2,"y7","NA","H",1,"ReplB",2,62109.58757
"716","IDHC","ATDVIVPEEGELR",2,"y7","NA","L",1,"ReplB",2,1205.225169
"717","IDHC","ATDVIVPEEGELR",2,"y8","NA","H",1,"ReplB",2,21209.46042
"718","IDHC","ATDVIVPEEGELR",2,"y8","NA","L",1,"ReplB",2,23.6475672
"719","IDHC","ATDVIVPEEGELR",2,"y9","NA","H",1,"ReplB",2,13781.91146
"720","IDHC","ATDVIVPEEGELR",2,"y9","NA","L",1,"ReplB",2,97.1167374
"721","IDHC","DQTNDQVTVDSATATLK",2,"y10","NA","H",1,"ReplB",2,4085.843124
"722","IDHC","DQTNDQVTVDSATATLK",2,"y10","NA","L",1,"ReplB",2,46.4683764
"723","IDHC","DQTNDQVTVDSATATLK",2,"y11","NA","H",1,"ReplB",2,1512.591964
"724","IDHC","DQTNDQVTVDSATATLK",2,"y11","NA","L",1,"ReplB",2,140.3272548
"725","IDHC","DQTNDQVTVDSATATLK",2,"y8","NA","H",1,"ReplB",2,2157.18799
"726","IDHC","DQTNDQVTVDSATATLK",2,"y8","NA","L",1,"ReplB",2,266.6983277
"891","PMG2","DYEGKPPPVDLDR",3,"y6","NA","H",1,"ReplB",2,1316.340032
"892","PMG2","DYEGKPPPVDLDR",3,"y6","NA","L",1,"ReplB",2,3408.992182
"893","PMG2","DYEGKPPPVDLDR",3,"y7","NA","H",1,"ReplB",2,555.830898
"894","PMG2","DYEGKPPPVDLDR",3,"y7","NA","L",1,"ReplB",2,1538.612889
"895","PMG2","DYEGKPPPVDLDR",3,"y8","NA","H",1,"ReplB",2,107.9112586
"896","PMG2","DYEGKPPPVDLDR",3,"y8","NA","L",1,"ReplB",2,1556.724225
"897","PMG2","ILEGISDDDIK",2,"y4","NA","H",1,"ReplB",2,1001.123542
"898","PMG2","ILEGISDDDIK",2,"y4","NA","L",1,"ReplB",2,1195.096762
"899","PMG2","ILEGISDDDIK",2,"y6","NA","H",1,"ReplB",2,1424.245271
"900","PMG2","ILEGISDDDIK",2,"y6","NA","L",1,"ReplB",2,885.65294
"901","PMG2","ILEGISDDDIK",2,"y8","NA","H",1,"ReplB",2,423.7673702
"902","PMG2","ILEGISDDDIK",2,"y8","NA","L",1,"ReplB",2,1194.783627
"1187","IDHC","ATDVIVPEEGELR",2,"y7","NA","H",1,"ReplC",3,65114.36461
"1188","IDHC","ATDVIVPEEGELR",2,"y7","NA","L",1,"ReplC",3,1476.304576
"1189","IDHC","ATDVIVPEEGELR",2,"y8","NA","H",1,"ReplC",3,23216.51174
"1190","IDHC","ATDVIVPEEGELR",2,"y8","NA","L",1,"ReplC",3,37.364563
"1191","IDHC","ATDVIVPEEGELR",2,"y9","NA","H",1,"ReplC",3,14914.60943
"1192","IDHC","ATDVIVPEEGELR",2,"y9","NA","L",1,"ReplC",3,73.3447802
"1193","IDHC","DQTNDQVTVDSATATLK",2,"y10","NA","H",1,"ReplC",3,4367.989076
"1194","IDHC","DQTNDQVTVDSATATLK",2,"y10","NA","L",1,"ReplC",3,54.0356469
"1195","IDHC","DQTNDQVTVDSATATLK",2,"y11","NA","H",1,"ReplC",3,1852.980488
"1196","IDHC","DQTNDQVTVDSATATLK",2,"y11","NA","L",1,"ReplC",3,138.9919252
"1197","IDHC","DQTNDQVTVDSATATLK",2,"y8","NA","H",1,"ReplC",3,2262.306017
"1198","IDHC","DQTNDQVTVDSATATLK",2,"y8","NA","L",1,"ReplC",3,225.8316885
"1363","PMG2","DYEGKPPPVDLDR",3,"y6","NA","H",1,"ReplC",3,1339.534987
"1364","PMG2","DYEGKPPPVDLDR",3,"y6","NA","L",1,"ReplC",3,3351.322881
"1365","PMG2","DYEGKPPPVDLDR",3,"y7","NA","H",1,"ReplC",3,611.32898
"1366","PMG2","DYEGKPPPVDLDR",3,"y7","NA","L",1,"ReplC",3,1547.755347
"1367","PMG2","DYEGKPPPVDLDR",3,"y8","NA","H",1,"ReplC",3,76.9825695
"1368","PMG2","DYEGKPPPVDLDR",3,"y8","NA","L",1,"ReplC",3,1550.33321
"1369","PMG2","ILEGISDDDIK",2,"y4","NA","H",1,"ReplC",3,1197.144322
"1370","PMG2","ILEGISDDDIK",2,"y4","NA","L",1,"ReplC",3,1063.542168
"1371","PMG2","ILEGISDDDIK",2,"y6","NA","H",1,"ReplC",3,1362.263781
"1372","PMG2","ILEGISDDDIK",2,"y6","NA","L",1,"ReplC",3,875.423998
"1373","PMG2","ILEGISDDDIK",2,"y8","NA","H",1,"ReplC",3,369.779882
"1374","PMG2","ILEGISDDDIK",2,"y8","NA","L",1,"ReplC",3,1264.341549
"1659","IDHC","ATDVIVPEEGELR",2,"y7","NA","H",2,"ReplA",4,95113.4377
"1660","IDHC","ATDVIVPEEGELR",2,"y7","NA","L",2,"ReplA",4,1508.212319
"1661","IDHC","ATDVIVPEEGELR",2,"y8","NA","H",2,"ReplA",4,32218.6221
"1662","IDHC","ATDVIVPEEGELR",2,"y8","NA","L",2,"ReplA",4,249.3520942
"1663","IDHC","ATDVIVPEEGELR",2,"y9","NA","H",2,"ReplA",4,20812.1874
"1664","IDHC","ATDVIVPEEGELR",2,"y9","NA","L",2,"ReplA",4,66.6287705
"1665","IDHC","DQTNDQVTVDSATATLK",2,"y10","NA","H",2,"ReplA",4,4092.673862
"1666","IDHC","DQTNDQVTVDSATATLK",2,"y10","NA","L",2,"ReplA",4,31.0220442
"1667","IDHC","DQTNDQVTVDSATATLK",2,"y11","NA","H",2,"ReplA",4,1905.384616
"1668","IDHC","DQTNDQVTVDSATATLK",2,"y11","NA","L",2,"ReplA",4,248.9633598
"1669","IDHC","DQTNDQVTVDSATATLK",2,"y8","NA","H",2,"ReplA",4,2258.080082
"1670","IDHC","DQTNDQVTVDSATATLK",2,"y8","NA","L",2,"ReplA",4,248.4816916
"1835","PMG2","DYEGKPPPVDLDR",3,"y6","NA","H",2,"ReplA",4,1078.19689
"1836","PMG2","DYEGKPPPVDLDR",3,"y6","NA","L",2,"ReplA",4,2277.676515
"1837","PMG2","DYEGKPPPVDLDR",3,"y7","NA","H",2,"ReplA",4,376.4989606
"1838","PMG2","DYEGKPPPVDLDR",3,"y7","NA","L",2,"ReplA",4,928.906269
"1839","PMG2","DYEGKPPPVDLDR",3,"y8","NA","H",2,"ReplA",4,735.628105
"1840","PMG2","DYEGKPPPVDLDR",3,"y8","NA","L",2,"ReplA",4,952.601129
"1841","PMG2","ILEGISDDDIK",2,"y4","NA","H",2,"ReplA",4,1394.181117
"1842","PMG2","ILEGISDDDIK",2,"y4","NA","L",2,"ReplA",4,1598.428635
"1843","PMG2","ILEGISDDDIK",2,"y6","NA","H",2,"ReplA",4,1780.447918
"1844","PMG2","ILEGISDDDIK",2,"y6","NA","L",2,"ReplA",4,1552.308441
"1845","PMG2","ILEGISDDDIK",2,"y8","NA","H",2,"ReplA",4,291.2240684
"1846","PMG2","ILEGISDDDIK",2,"y8","NA","L",2,"ReplA",4,1492.770374
"2131","IDHC","ATDVIVPEEGELR",2,"y7","NA","H",2,"ReplB",5,59869.47505
"2132","IDHC","ATDVIVPEEGELR",2,"y7","NA","L",2,"ReplB",5,1113.553282
"2133","IDHC","ATDVIVPEEGELR",2,"y8","NA","H",2,"ReplB",5,20919.22055
"2134","IDHC","ATDVIVPEEGELR",2,"y8","NA","L",2,"ReplB",5,59.5716608
"2135","IDHC","ATDVIVPEEGELR",2,"y9","NA","H",2,"ReplB",5,13084.42503
"2136","IDHC","ATDVIVPEEGELR",2,"y9","NA","L",2,"ReplB",5,21.0664325
"2137","IDHC","DQTNDQVTVDSATATLK",2,"y10","NA","H",2,"ReplB",5,3975.254353
"2138","IDHC","DQTNDQVTVDSATATLK",2,"y10","NA","L",2,"ReplB",5,38.654467
"2139","IDHC","DQTNDQVTVDSATATLK",2,"y11","NA","H",2,"ReplB",5,1751.115969
"2140","IDHC","DQTNDQVTVDSATATLK",2,"y11","NA","L",2,"ReplB",5,209.9936598
"2141","IDHC","DQTNDQVTVDSATATLK",2,"y8","NA","H",2,"ReplB",5,2091.74498
"2142","IDHC","DQTNDQVTVDSATATLK",2,"y8","NA","L",2,"ReplB",5,262.9166913
"2307","PMG2","DYEGKPPPVDLDR",3,"y6","NA","H",2,"ReplB",5,1343.824514
"2308","PMG2","DYEGKPPPVDLDR",3,"y6","NA","L",2,"ReplB",5,3527.153108
"2309","PMG2","DYEGKPPPVDLDR",3,"y7","NA","H",2,"ReplB",5,633.572235
"2310","PMG2","DYEGKPPPVDLDR",3,"y7","NA","L",2,"ReplB",5,1502.784115
"2311","PMG2","DYEGKPPPVDLDR",3,"y8","NA","H",2,"ReplB",5,28.3792046
"2312","PMG2","DYEGKPPPVDLDR",3,"y8","NA","L",2,"ReplB",5,1212.269981
"2313","PMG2","ILEGISDDDIK",2,"y4","NA","H",2,"ReplB",5,741.102555
"2314","PMG2","ILEGISDDDIK",2,"y4","NA","L",2,"ReplB",5,849.288885
"2315","PMG2","ILEGISDDDIK",2,"y6","NA","H",2,"ReplB",5,1189.19397
"2316","PMG2","ILEGISDDDIK",2,"y6","NA","L",2,"ReplB",5,951.492676
"2317","PMG2","ILEGISDDDIK",2,"y8","NA","H",2,"ReplB",5,267.3407161
"2318","PMG2","ILEGISDDDIK",2,"y8","NA","L",2,"ReplB",5,908.774986
"2603","IDHC","ATDVIVPEEGELR",2,"y7","NA","H",2,"ReplC",6,50103.32277
"2604","IDHC","ATDVIVPEEGELR",2,"y7","NA","L",2,"ReplC",6,1004.630045
"2605","IDHC","ATDVIVPEEGELR",2,"y8","NA","H",2,"ReplC",6,17677.10619
"2606","IDHC","ATDVIVPEEGELR",2,"y8","NA","L",2,"ReplC",6,111.4627188
"2607","IDHC","ATDVIVPEEGELR",2,"y9","NA","H",2,"ReplC",6,10768.89692
"2608","IDHC","ATDVIVPEEGELR",2,"y9","NA","L",2,"ReplC",6,39.215968
"2609","IDHC","DQTNDQVTVDSATATLK",2,"y10","NA","H",2,"ReplC",6,3667.523443
"2610","IDHC","DQTNDQVTVDSATATLK",2,"y10","NA","L",2,"ReplC",6,24.4299059
"2611","IDHC","DQTNDQVTVDSATATLK",2,"y11","NA","H",2,"ReplC",6,1532.580338
"2612","IDHC","DQTNDQVTVDSATATLK",2,"y11","NA","L",2,"ReplC",6,222.4609331
"2613","IDHC","DQTNDQVTVDSATATLK",2,"y8","NA","H",2,"ReplC",6,2022.572889
"2614","IDHC","DQTNDQVTVDSATATLK",2,"y8","NA","L",2,"ReplC",6,140.1632234
"2779","PMG2","DYEGKPPPVDLDR",3,"y6","NA","H",2,"ReplC",6,1127.365693
"2780","PMG2","DYEGKPPPVDLDR",3,"y6","NA","L",2,"ReplC",6,2716.298025
"2781","PMG2","DYEGKPPPVDLDR",3,"y7","NA","H",2,"ReplC",6,381.8043878
"2782","PMG2","DYEGKPPPVDLDR",3,"y7","NA","L",2,"ReplC",6,1181.495068
"2783","PMG2","DYEGKPPPVDLDR",3,"y8","NA","H",2,"ReplC",6,335.1715032
"2784","PMG2","DYEGKPPPVDLDR",3,"y8","NA","L",2,"ReplC",6,1284.707072
"2785","PMG2","ILEGISDDDIK",2,"y4","NA","H",2,"ReplC",6,940.308963
"2786","PMG2","ILEGISDDDIK",2,"y4","NA","L",2,"ReplC",6,999.79291
"2787","PMG2","ILEGISDDDIK",2,"y6","NA","H",2,"ReplC",6,884.920728
"2788","PMG2","ILEGISDDDIK",2,"y6","NA","L",2,"ReplC",6,1021.51309
"2789","PMG2","ILEGISDDDIK",2,"y8","NA","H",2,"ReplC",6,65.5221747
"2790","PMG2","ILEGISDDDIK",2,"y8","NA","L",2,"ReplC",6,924.256612
"3075","IDHC","ATDVIVPEEGELR",2,"y7","NA","H",3,"ReplA",7,95742.959
"3076","IDHC","ATDVIVPEEGELR",2,"y7","NA","L",3,"ReplA",7,1528.211048
"3077","IDHC","ATDVIVPEEGELR",2,"y8","NA","H",3,"ReplA",7,32740.9559
"3078","IDHC","ATDVIVPEEGELR",2,"y8","NA","L",3,"ReplA",7,58.934805
"3079","IDHC","ATDVIVPEEGELR",2,"y9","NA","H",3,"ReplA",7,21228.79627
"3080","IDHC","ATDVIVPEEGELR",2,"y9","NA","L",3,"ReplA",7,70.1103118
"3081","IDHC","DQTNDQVTVDSATATLK",2,"y10","NA","H",3,"ReplA",7,4320.235831
"3082","IDHC","DQTNDQVTVDSATATLK",2,"y10","NA","L",3,"ReplA",7,29.9689776
"3083","IDHC","DQTNDQVTVDSATATLK",2,"y11","NA","H",3,"ReplA",7,2064.338876
"3084","IDHC","DQTNDQVTVDSATATLK",2,"y11","NA","L",3,"ReplA",7,209.6373085
"3085","IDHC","DQTNDQVTVDSATATLK",2,"y8","NA","H",3,"ReplA",7,2399.82983
"3086","IDHC","DQTNDQVTVDSATATLK",2,"y8","NA","L",3,"ReplA",7,303.1888899
"3251","PMG2","DYEGKPPPVDLDR",3,"y6","NA","H",3,"ReplA",7,1106.1625
"3252","PMG2","DYEGKPPPVDLDR",3,"y6","NA","L",3,"ReplA",7,3001.945769
"3253","PMG2","DYEGKPPPVDLDR",3,"y7","NA","H",3,"ReplA",7,477.2260026
"3254","PMG2","DYEGKPPPVDLDR",3,"y7","NA","L",3,"ReplA",7,1267.448158
"3255","PMG2","DYEGKPPPVDLDR",3,"y8","NA","H",3,"ReplA",7,175.1264304
"3256","PMG2","DYEGKPPPVDLDR",3,"y8","NA","L",3,"ReplA",7,1403.060392
"3257","PMG2","ILEGISDDDIK",2,"y4","NA","H",3,"ReplA",7,1204.267125
"3258","PMG2","ILEGISDDDIK",2,"y4","NA","L",3,"ReplA",7,538.893201
"3259","PMG2","ILEGISDDDIK",2,"y6","NA","H",3,"ReplA",7,1812.766154
"3260","PMG2","ILEGISDDDIK",2,"y6","NA","L",3,"ReplA",7,881.051915
"3261","PMG2","ILEGISDDDIK",2,"y8","NA","H",3,"ReplA",7,259.5635864
"3262","PMG2","ILEGISDDDIK",2,"y8","NA","L",3,"ReplA",7,1174.93223
"3547","IDHC","ATDVIVPEEGELR",2,"y7","NA","H",3,"ReplB",8,64438.45383
"3548","IDHC","ATDVIVPEEGELR",2,"y7","NA","L",3,"ReplB",8,1298.095192
"3549","IDHC","ATDVIVPEEGELR",2,"y8","NA","H",3,"ReplB",8,22117.31118
"3550","IDHC","ATDVIVPEEGELR",2,"y8","NA","L",3,"ReplB",8,44.4193117
"3551","IDHC","ATDVIVPEEGELR",2,"y9","NA","H",3,"ReplB",8,14754.10823
"3552","IDHC","ATDVIVPEEGELR",2,"y9","NA","L",3,"ReplB",8,80.9274635
"3553","IDHC","DQTNDQVTVDSATATLK",2,"y10","NA","H",3,"ReplB",8,3791.161035
"3554","IDHC","DQTNDQVTVDSATATLK",2,"y10","NA","L",3,"ReplB",8,35.8133171
"3555","IDHC","DQTNDQVTVDSATATLK",2,"y11","NA","H",3,"ReplB",8,1629.268597
"3556","IDHC","DQTNDQVTVDSATATLK",2,"y11","NA","L",3,"ReplB",8,131.3487292
"3557","IDHC","DQTNDQVTVDSATATLK",2,"y8","NA","H",3,"ReplB",8,1987.910462
"3558","IDHC","DQTNDQVTVDSATATLK",2,"y8","NA","L",3,"ReplB",8,49.4759062
"3723","PMG2","DYEGKPPPVDLDR",3,"y6","NA","H",3,"ReplB",8,998.574879
"3724","PMG2","DYEGKPPPVDLDR",3,"y6","NA","L",3,"ReplB",8,2361.855943
"3725","PMG2","DYEGKPPPVDLDR",3,"y7","NA","H",3,"ReplB",8,176.9696118
"3726","PMG2","DYEGKPPPVDLDR",3,"y7","NA","L",3,"ReplB",8,1193.73252
"3727","PMG2","DYEGKPPPVDLDR",3,"y8","NA","H",3,"ReplB",8,417.5414599
"3728","PMG2","DYEGKPPPVDLDR",3,"y8","NA","L",3,"ReplB",8,1184.453166
"3729","PMG2","ILEGISDDDIK",2,"y4","NA","H",3,"ReplB",8,1021.941624
"3730","PMG2","ILEGISDDDIK",2,"y4","NA","L",3,"ReplB",8,978.014988
"3731","PMG2","ILEGISDDDIK",2,"y6","NA","H",3,"ReplB",8,1177.641549
"3732","PMG2","ILEGISDDDIK",2,"y6","NA","L",3,"ReplB",8,1159.128401
"3733","PMG2","ILEGISDDDIK",2,"y8","NA","H",3,"ReplB",8,139.890141
"3734","PMG2","ILEGISDDDIK",2,"y8","NA","L",3,"ReplB",8,1142.472569
"4019","IDHC","ATDVIVPEEGELR",2,"y7","NA","H",3,"ReplC",9,61907.44654
"4020","IDHC","ATDVIVPEEGELR",2,"y7","NA","L",3,"ReplC",9,1347.779783
"4021","IDHC","ATDVIVPEEGELR",2,"y8","NA","H",3,"ReplC",9,21327.99066
"4022","IDHC","ATDVIVPEEGELR",2,"y8","NA","L",3,"ReplC",9,91.2864886
"4023","IDHC","ATDVIVPEEGELR",2,"y9","NA","H",3,"ReplC",9,14030.89822
"4024","IDHC","ATDVIVPEEGELR",2,"y9","NA","L",3,"ReplC",9,86.3636784
"4025","IDHC","DQTNDQVTVDSATATLK",2,"y10","NA","H",3,"ReplC",9,3778.865121
"4026","IDHC","DQTNDQVTVDSATATLK",2,"y10","NA","L",3,"ReplC",9,57.4344328
"4027","IDHC","DQTNDQVTVDSATATLK",2,"y11","NA","H",3,"ReplC",9,1547.47701
"4028","IDHC","DQTNDQVTVDSATATLK",2,"y11","NA","L",3,"ReplC",9,73.5799306
"4029","IDHC","DQTNDQVTVDSATATLK",2,"y8","NA","H",3,"ReplC",9,1756.372014
"4030","IDHC","DQTNDQVTVDSATATLK",2,"y8","NA","L",3,"ReplC",9,189.5188277
"4195","PMG2","DYEGKPPPVDLDR",3,"y6","NA","H",3,"ReplC",9,1124.204426
"4196","PMG2","DYEGKPPPVDLDR",3,"y6","NA","L",3,"ReplC",9,2897.510506
"4197","PMG2","DYEGKPPPVDLDR",3,"y7","NA","H",3,"ReplC",9,605.542887
"4198","PMG2","DYEGKPPPVDLDR",3,"y7","NA","L",3,"ReplC",9,1092.094608
"4199","PMG2","DYEGKPPPVDLDR",3,"y8","NA","H",3,"ReplC",9,630.002567
"4200","PMG2","DYEGKPPPVDLDR",3,"y8","NA","L",3,"ReplC",9,1193.5158
"4201","PMG2","ILEGISDDDIK",2,"y4","NA","H",3,"ReplC",9,998.672666
"4202","PMG2","ILEGISDDDIK",2,"y4","NA","L",3,"ReplC",9,854.052745
"4203","PMG2","ILEGISDDDIK",2,"y6","NA","H",3,"ReplC",9,1241.597308
"4204","PMG2","ILEGISDDDIK",2,"y6","NA","L",3,"ReplC",9,1048.259405
"4205","PMG2","ILEGISDDDIK",2,"y8","NA","H",3,"ReplC",9,180.7391752
"4206","PMG2","ILEGISDDDIK",2,"y8","NA","L",3,"ReplC",9,1343.074952
"4491","IDHC","ATDVIVPEEGELR",2,"y7","NA","H",4,"ReplA",10,107416.5836
"4492","IDHC","ATDVIVPEEGELR",2,"y7","NA","L",4,"ReplA",10,2744.260366
"4493","IDHC","ATDVIVPEEGELR",2,"y8","NA","H",4,"ReplA",10,36834.65584
"4494","IDHC","ATDVIVPEEGELR",2,"y8","NA","L",4,"ReplA",10,124.0834738
"4495","IDHC","ATDVIVPEEGELR",2,"y9","NA","H",4,"ReplA",10,22884.68336
"4496","IDHC","ATDVIVPEEGELR",2,"y9","NA","L",4,"ReplA",10,91.5918251
"4497","IDHC","DQTNDQVTVDSATATLK",2,"y10","NA","H",4,"ReplA",10,5598.336237
"4498","IDHC","DQTNDQVTVDSATATLK",2,"y10","NA","L",4,"ReplA",10,56.3434548
"4499","IDHC","DQTNDQVTVDSATATLK",2,"y11","NA","H",4,"ReplA",10,2528.930514
"4500","IDHC","DQTNDQVTVDSATATLK",2,"y11","NA","L",4,"ReplA",10,112.2640142
"4501","IDHC","DQTNDQVTVDSATATLK",2,"y8","NA","H",4,"ReplA",10,3061.532698
"4502","IDHC","DQTNDQVTVDSATATLK",2,"y8","NA","L",4,"ReplA",10,298.059602
"4667","PMG2","DYEGKPPPVDLDR",3,"y6","NA","H",4,"ReplA",10,1400.10492
"4668","PMG2","DYEGKPPPVDLDR",3,"y6","NA","L",4,"ReplA",10,3441.197285
"4669","PMG2","DYEGKPPPVDLDR",3,"y7","NA","H",4,"ReplA",10,571.938515
"4670","PMG2","DYEGKPPPVDLDR",3,"y7","NA","L",4,"ReplA",10,1590.181763
"4671","PMG2","DYEGKPPPVDLDR",3,"y8","NA","H",4,"ReplA",10,193.9417931
"4672","PMG2","DYEGKPPPVDLDR",3,"y8","NA","L",4,"ReplA",10,1711.737433
"4673","PMG2","ILEGISDDDIK",2,"y4","NA","H",4,"ReplA",10,1660.729405
"4674","PMG2","ILEGISDDDIK",2,"y4","NA","L",4,"ReplA",10,1568.26464
"4675","PMG2","ILEGISDDDIK",2,"y6","NA","H",4,"ReplA",10,1245.577146
"4676","PMG2","ILEGISDDDIK",2,"y6","NA","L",4,"ReplA",10,1708.455509
"4677","PMG2","ILEGISDDDIK",2,"y8","NA","H",4,"ReplA",10,430.5862987
"4678","PMG2","ILEGISDDDIK",2,"y8","NA","L",4,"ReplA",10,1970.574845
"4963","IDHC","ATDVIVPEEGELR",2,"y7","NA","H",4,"ReplB",11,55947.08848
"4964","IDHC","ATDVIVPEEGELR",2,"y7","NA","L",4,"ReplB",11,109.9103409
"4965","IDHC","ATDVIVPEEGELR",2,"y8","NA","H",4,"ReplB",11,19738.99401
"4966","IDHC","ATDVIVPEEGELR",2,"y8","NA","L",4,"ReplB",11,83.3917004
"4967","IDHC","ATDVIVPEEGELR",2,"y9","NA","H",4,"ReplB",11,12365.51062
"4968","IDHC","ATDVIVPEEGELR",2,"y9","NA","L",4,"ReplB",11,38.7436704
"4969","IDHC","DQTNDQVTVDSATATLK",2,"y10","NA","H",4,"ReplB",11,2811.271748
"4970","IDHC","DQTNDQVTVDSATATLK",2,"y10","NA","L",4,"ReplB",11,73.9411701
"4971","IDHC","DQTNDQVTVDSATATLK",2,"y11","NA","H",4,"ReplB",11,1229.64854
"4972","IDHC","DQTNDQVTVDSATATLK",2,"y11","NA","L",4,"ReplB",11,171.5650712
"4973","IDHC","DQTNDQVTVDSATATLK",2,"y8","NA","H",4,"ReplB",11,1516.994269
"4974","IDHC","DQTNDQVTVDSATATLK",2,"y8","NA","L",4,"ReplB",11,213.3710592
"5139","PMG2","DYEGKPPPVDLDR",3,"y6","NA","H",4,"ReplB",11,892.666345
"5140","PMG2","DYEGKPPPVDLDR",3,"y6","NA","L",4,"ReplB",11,2673.010545
"5141","PMG2","DYEGKPPPVDLDR",3,"y7","NA","H",4,"ReplB",11,448.8968908
"5142","PMG2","DYEGKPPPVDLDR",3,"y7","NA","L",4,"ReplB",11,1222.91485
"5143","PMG2","DYEGKPPPVDLDR",3,"y8","NA","H",4,"ReplB",11,98.4780244
"5144","PMG2","DYEGKPPPVDLDR",3,"y8","NA","L",4,"ReplB",11,1384.888586
"5145","PMG2","ILEGISDDDIK",2,"y4","NA","H",4,"ReplB",11,1004.173592
"5146","PMG2","ILEGISDDDIK",2,"y4","NA","L",4,"ReplB",11,595.964779
"5147","PMG2","ILEGISDDDIK",2,"y6","NA","H",4,"ReplB",11,1218.405272
"5148","PMG2","ILEGISDDDIK",2,"y6","NA","L",4,"ReplB",11,761.099813
"5149","PMG2","ILEGISDDDIK",2,"y8","NA","H",4,"ReplB",11,302.6173004
"5150","PMG2","ILEGISDDDIK",2,"y8","NA","L",4,"ReplB",11,780.597932
"5435","IDHC","ATDVIVPEEGELR",2,"y7","NA","H",4,"ReplC",12,50971.46069
"5436","IDHC","ATDVIVPEEGELR",2,"y7","NA","L",4,"ReplC",12,1038.352131
"5437","IDHC","ATDVIVPEEGELR",2,"y8","NA","H",4,"ReplC",12,19199.23893
"5438","IDHC","ATDVIVPEEGELR",2,"y8","NA","L",4,"ReplC",12,68.5327094
"5439","IDHC","ATDVIVPEEGELR",2,"y9","NA","H",4,"ReplC",12,11583.35894
"5440","IDHC","ATDVIVPEEGELR",2,"y9","NA","L",4,"ReplC",12,313.1441299
"5441","IDHC","DQTNDQVTVDSATATLK",2,"y10","NA","H",4,"ReplC",12,2706.191626
"5442","IDHC","DQTNDQVTVDSATATLK",2,"y10","NA","L",4,"ReplC",12,19.28612
"5443","IDHC","DQTNDQVTVDSATATLK",2,"y11","NA","H",4,"ReplC",12,1261.262436
"5444","IDHC","DQTNDQVTVDSATATLK",2,"y11","NA","L",4,"ReplC",12,102.2910826
"5445","IDHC","DQTNDQVTVDSATATLK",2,"y8","NA","H",4,"ReplC",12,1562.241976
"5446","IDHC","DQTNDQVTVDSATATLK",2,"y8","NA","L",4,"ReplC",12,179.0333903
"5611","PMG2","DYEGKPPPVDLDR",3,"y6","NA","H",4,"ReplC",12,1016.431904
"5612","PMG2","DYEGKPPPVDLDR",3,"y6","NA","L",4,"ReplC",12,2670.522493
"5613","PMG2","DYEGKPPPVDLDR",3,"y7","NA","H",4,"ReplC",12,442.0143465
"5614","PMG2","DYEGKPPPVDLDR",3,"y7","NA","L",4,"ReplC",12,1282.780236
"5615","PMG2","DYEGKPPPVDLDR",3,"y8","NA","H",4,"ReplC",12,53.8703865
"5616","PMG2","DYEGKPPPVDLDR",3,"y8","NA","L",4,"ReplC",12,1405.42038
"5617","PMG2","ILEGISDDDIK",2,"y4","NA","H",4,"ReplC",12,990.14565
"5618","PMG2","ILEGISDDDIK",2,"y4","NA","L",4,"ReplC",12,857.255745
"5619","PMG2","ILEGISDDDIK",2,"y6","NA","H",4,"ReplC",12,1061.613408
"5620","PMG2","ILEGISDDDIK",2,"y6","NA","L",4,"ReplC",12,675.470391
"5621","PMG2","ILEGISDDDIK",2,"y8","NA","H",4,"ReplC",12,114.1934838
"5622","PMG2","ILEGISDDDIK",2,"y8","NA","L",4,"ReplC",12,1094.615494
"5907","IDHC","ATDVIVPEEGELR",2,"y7","NA","H",5,"ReplA",13,97626.0323
"5908","IDHC","ATDVIVPEEGELR",2,"y7","NA","L",5,"ReplA",13,1964.9951
"5909","IDHC","ATDVIVPEEGELR",2,"y8","NA","H",5,"ReplA",13,34414.22744
"5910","IDHC","ATDVIVPEEGELR",2,"y8","NA","L",5,"ReplA",13,144.2465398
"5911","IDHC","ATDVIVPEEGELR",2,"y9","NA","H",5,"ReplA",13,21643.59317
"5912","IDHC","ATDVIVPEEGELR",2,"y9","NA","L",5,"ReplA",13,553.988908
"5913","IDHC","DQTNDQVTVDSATATLK",2,"y10","NA","H",5,"ReplA",13,5431.713826
"5914","IDHC","DQTNDQVTVDSATATLK",2,"y10","NA","L",5,"ReplA",13,83.8458084
"5915","IDHC","DQTNDQVTVDSATATLK",2,"y11","NA","H",5,"ReplA",13,2225.820453
"5916","IDHC","DQTNDQVTVDSATATLK",2,"y11","NA","L",5,"ReplA",13,181.2196274
"5917","IDHC","DQTNDQVTVDSATATLK",2,"y8","NA","H",5,"ReplA",13,3028.590659
"5918","IDHC","DQTNDQVTVDSATATLK",2,"y8","NA","L",5,"ReplA",13,221.0675371
"6083","PMG2","DYEGKPPPVDLDR",3,"y6","NA","H",5,"ReplA",13,756.333884
"6084","PMG2","DYEGKPPPVDLDR",3,"y6","NA","L",5,"ReplA",13,1801.210018
"6085","PMG2","DYEGKPPPVDLDR",3,"y7","NA","H",5,"ReplA",13,308.8063303
"6086","PMG2","DYEGKPPPVDLDR",3,"y7","NA","L",5,"ReplA",13,748.91523
"6087","PMG2","DYEGKPPPVDLDR",3,"y8","NA","H",5,"ReplA",13,204.1189307
"6088","PMG2","DYEGKPPPVDLDR",3,"y8","NA","L",5,"ReplA",13,871.632469
"6089","PMG2","ILEGISDDDIK",2,"y4","NA","H",5,"ReplA",13,1561.493181
"6090","PMG2","ILEGISDDDIK",2,"y4","NA","L",5,"ReplA",13,1520.209573
"6091","PMG2","ILEGISDDDIK",2,"y6","NA","H",5,"ReplA",13,1157.134357
"6092","PMG2","ILEGISDDDIK",2,"y6","NA","L",5,"ReplA",13,1730.670811
"6093","PMG2","ILEGISDDDIK",2,"y8","NA","H",5,"ReplA",13,530.885712
"6094","PMG2","ILEGISDDDIK",2,"y8","NA","L",5,"ReplA",13,1874.712095
"6379","IDHC","ATDVIVPEEGELR",2,"y7","NA","H",5,"ReplB",14,45938.05822
"6380","IDHC","ATDVIVPEEGELR",2,"y7","NA","L",5,"ReplB",14,786.782377
"6381","IDHC","ATDVIVPEEGELR",2,"y8","NA","H",5,"ReplB",14,16416.77142
"6382","IDHC","ATDVIVPEEGELR",2,"y8","NA","L",5,"ReplB",14,124.7855951
"6383","IDHC","ATDVIVPEEGELR",2,"y9","NA","H",5,"ReplB",14,10697.74188
"6384","IDHC","ATDVIVPEEGELR",2,"y9","NA","L",5,"ReplB",14,53.6208994
"6385","IDHC","DQTNDQVTVDSATATLK",2,"y10","NA","H",5,"ReplB",14,2584.932041
"6386","IDHC","DQTNDQVTVDSATATLK",2,"y10","NA","L",5,"ReplB",14,70.2608936
"6387","IDHC","DQTNDQVTVDSATATLK",2,"y11","NA","H",5,"ReplB",14,1077.526631
"6388","IDHC","DQTNDQVTVDSATATLK",2,"y11","NA","L",5,"ReplB",14,45.165134
"6389","IDHC","DQTNDQVTVDSATATLK",2,"y8","NA","H",5,"ReplB",14,1241.569138
"6390","IDHC","DQTNDQVTVDSATATLK",2,"y8","NA","L",5,"ReplB",14,58.6274759
"6555","PMG2","DYEGKPPPVDLDR",3,"y6","NA","H",5,"ReplB",14,686.377004
"6556","PMG2","DYEGKPPPVDLDR",3,"y6","NA","L",5,"ReplB",14,2524.200078
"6557","PMG2","DYEGKPPPVDLDR",3,"y7","NA","H",5,"ReplB",14,315.0608252
"6558","PMG2","DYEGKPPPVDLDR",3,"y7","NA","L",5,"ReplB",14,1183.63313
"6559","PMG2","DYEGKPPPVDLDR",3,"y8","NA","H",5,"ReplB",14,174.6418847
"6560","PMG2","DYEGKPPPVDLDR",3,"y8","NA","L",5,"ReplB",14,1004.590847
"6561","PMG2","ILEGISDDDIK",2,"y4","NA","H",5,"ReplB",14,882.369408
"6562","PMG2","ILEGISDDDIK",2,"y4","NA","L",5,"ReplB",14,653.191558
"6563","PMG2","ILEGISDDDIK",2,"y6","NA","H",5,"ReplB",14,1006.830483
"6564","PMG2","ILEGISDDDIK",2,"y6","NA","L",5,"ReplB",14,793.026663
"6565","PMG2","ILEGISDDDIK",2,"y8","NA","H",5,"ReplB",14,190.5134517
"6566","PMG2","ILEGISDDDIK",2,"y8","NA","L",5,"ReplB",14,847.307996
"6851","IDHC","ATDVIVPEEGELR",2,"y7","NA","H",5,"ReplC",15,46684.89147
"6852","IDHC","ATDVIVPEEGELR",2,"y7","NA","L",5,"ReplC",15,774.206238
"6853","IDHC","ATDVIVPEEGELR",2,"y8","NA","H",5,"ReplC",15,16065.34647
"6854","IDHC","ATDVIVPEEGELR",2,"y8","NA","L",5,"ReplC",15,12.6626031
"6855","IDHC","ATDVIVPEEGELR",2,"y9","NA","H",5,"ReplC",15,10598.26399
"6856","IDHC","ATDVIVPEEGELR",2,"y9","NA","L",5,"ReplC",15,112.8645612
"6857","IDHC","DQTNDQVTVDSATATLK",2,"y10","NA","H",5,"ReplC",15,2519.7961
"6858","IDHC","DQTNDQVTVDSATATLK",2,"y10","NA","L",5,"ReplC",15,6.7798435
"6859","IDHC","DQTNDQVTVDSATATLK",2,"y11","NA","H",5,"ReplC",15,1269.070067
"6860","IDHC","DQTNDQVTVDSATATLK",2,"y11","NA","L",5,"ReplC",15,132.1447737
"6861","IDHC","DQTNDQVTVDSATATLK",2,"y8","NA","H",5,"ReplC",15,1529.057619
"6862","IDHC","DQTNDQVTVDSATATLK",2,"y8","NA","L",5,"ReplC",15,144.3972425
"7027","PMG2","DYEGKPPPVDLDR",3,"y6","NA","H",5,"ReplC",15,778.578263
"7028","PMG2","DYEGKPPPVDLDR",3,"y6","NA","L",5,"ReplC",15,2346.898534
"7029","PMG2","DYEGKPPPVDLDR",3,"y7","NA","H",5,"ReplC",15,476.4896485
"7030","PMG2","DYEGKPPPVDLDR",3,"y7","NA","L",5,"ReplC",15,1255.4863
"7031","PMG2","DYEGKPPPVDLDR",3,"y8","NA","H",5,"ReplC",15,102.9312939
"7032","PMG2","DYEGKPPPVDLDR",3,"y8","NA","L",5,"ReplC",15,1144.982341
"7033","PMG2","ILEGISDDDIK",2,"y4","NA","H",5,"ReplC",15,655.130342
"7034","PMG2","ILEGISDDDIK",2,"y4","NA","L",5,"ReplC",15,821.512945
"7035","PMG2","ILEGISDDDIK",2,"y6","NA","H",5,"ReplC",15,1011.586966
"7036","PMG2","ILEGISDDDIK",2,"y6","NA","L",5,"ReplC",15,713.571201
"7037","PMG2","ILEGISDDDIK",2,"y8","NA","H",5,"ReplC",15,410.6320553
"7038","PMG2","ILEGISDDDIK",2,"y8","NA","L",5,"ReplC",15,713.383723
"7323","IDHC","ATDVIVPEEGELR",2,"y7","NA","H",6,"ReplA",16,111550.0537
"7324","IDHC","ATDVIVPEEGELR",2,"y7","NA","L",6,"ReplA",16,10774.16527
"7325","IDHC","ATDVIVPEEGELR",2,"y8","NA","H",6,"ReplA",16,39215.56012
"7326","IDHC","ATDVIVPEEGELR",2,"y8","NA","L",6,"ReplA",16,4319.439598
"7327","IDHC","ATDVIVPEEGELR",2,"y9","NA","H",6,"ReplA",16,24908.64654
"7328","IDHC","ATDVIVPEEGELR",2,"y9","NA","L",6,"ReplA",16,2796.109682
"7329","IDHC","DQTNDQVTVDSATATLK",2,"y10","NA","H",6,"ReplA",16,5505.901731
"7330","IDHC","DQTNDQVTVDSATATLK",2,"y10","NA","L",6,"ReplA",16,696.82083
"7331","IDHC","DQTNDQVTVDSATATLK",2,"y11","NA","H",6,"ReplA",16,2244.266327
"7332","IDHC","DQTNDQVTVDSATATLK",2,"y11","NA","L",6,"ReplA",16,411.9259183
"7333","IDHC","DQTNDQVTVDSATATLK",2,"y8","NA","H",6,"ReplA",16,2755.906212
"7334","IDHC","DQTNDQVTVDSATATLK",2,"y8","NA","L",6,"ReplA",16,508.5685114
"7499","PMG2","DYEGKPPPVDLDR",3,"y6","NA","H",6,"ReplA",16,925.714576
"7500","PMG2","DYEGKPPPVDLDR",3,"y6","NA","L",6,"ReplA",16,1777.271999
"7501","PMG2","DYEGKPPPVDLDR",3,"y7","NA","H",6,"ReplA",16,346.712109
"7502","PMG2","DYEGKPPPVDLDR",3,"y7","NA","L",6,"ReplA",16,657.136272
"7503","PMG2","DYEGKPPPVDLDR",3,"y8","NA","H",6,"ReplA",16,661.114598
"7504","PMG2","DYEGKPPPVDLDR",3,"y8","NA","L",6,"ReplA",16,676.395676
"7505","PMG2","ILEGISDDDIK",2,"y4","NA","H",6,"ReplA",16,1502.949106
"7506","PMG2","ILEGISDDDIK",2,"y4","NA","L",6,"ReplA",16,1468.057813
"7507","PMG2","ILEGISDDDIK",2,"y6","NA","H",6,"ReplA",16,1120.8264
"7508","PMG2","ILEGISDDDIK",2,"y6","NA","L",6,"ReplA",16,1789.967716
"7509","PMG2","ILEGISDDDIK",2,"y8","NA","H",6,"ReplA",16,501.6053305
"7510","PMG2","ILEGISDDDIK",2,"y8","NA","L",6,"ReplA",16,2431.485491
"7795","IDHC","ATDVIVPEEGELR",2,"y7","NA","H",6,"ReplB",17,52478.36397
"7796","IDHC","ATDVIVPEEGELR",2,"y7","NA","L",6,"ReplB",17,5294.475047
"7797","IDHC","ATDVIVPEEGELR",2,"y8","NA","H",6,"ReplB",17,17494.60521
"7798","IDHC","ATDVIVPEEGELR",2,"y8","NA","L",6,"ReplB",17,1886.145105
"7799","IDHC","ATDVIVPEEGELR",2,"y9","NA","H",6,"ReplB",17,11708.93451
"7800","IDHC","ATDVIVPEEGELR",2,"y9","NA","L",6,"ReplB",17,1240.942448
"7801","IDHC","DQTNDQVTVDSATATLK",2,"y10","NA","H",6,"ReplB",17,2484.385189
"7802","IDHC","DQTNDQVTVDSATATLK",2,"y10","NA","L",6,"ReplB",17,326.7524479
"7803","IDHC","DQTNDQVTVDSATATLK",2,"y11","NA","H",6,"ReplB",17,1168.587885
"7804","IDHC","DQTNDQVTVDSATATLK",2,"y11","NA","L",6,"ReplB",17,117.8102405
"7805","IDHC","DQTNDQVTVDSATATLK",2,"y8","NA","H",6,"ReplB",17,1564.904838
"7806","IDHC","DQTNDQVTVDSATATLK",2,"y8","NA","L",6,"ReplB",17,366.127182
"7971","PMG2","DYEGKPPPVDLDR",3,"y6","NA","H",6,"ReplB",17,858.832351
"7972","PMG2","DYEGKPPPVDLDR",3,"y6","NA","L",6,"ReplB",17,2067.974769
"7973","PMG2","DYEGKPPPVDLDR",3,"y7","NA","H",6,"ReplB",17,459.6351976
"7974","PMG2","DYEGKPPPVDLDR",3,"y7","NA","L",6,"ReplB",17,1033.249332
"7975","PMG2","DYEGKPPPVDLDR",3,"y8","NA","H",6,"ReplB",17,126.102983
"7976","PMG2","DYEGKPPPVDLDR",3,"y8","NA","L",6,"ReplB",17,1083.005611
"7977","PMG2","ILEGISDDDIK",2,"y4","NA","H",6,"ReplB",17,662.388738
"7978","PMG2","ILEGISDDDIK",2,"y4","NA","L",6,"ReplB",17,713.719555
"7979","PMG2","ILEGISDDDIK",2,"y6","NA","H",6,"ReplB",17,826.764737
"7980","PMG2","ILEGISDDDIK",2,"y6","NA","L",6,"ReplB",17,748.77315
"7981","PMG2","ILEGISDDDIK",2,"y8","NA","H",6,"ReplB",17,184.836817
"7982","PMG2","ILEGISDDDIK",2,"y8","NA","L",6,"ReplB",17,844.582926
"8267","IDHC","ATDVIVPEEGELR",2,"y7","NA","H",6,"ReplC",18,56063.62431
"8268","IDHC","ATDVIVPEEGELR",2,"y7","NA","L",6,"ReplC",18,5476.500843
"8269","IDHC","ATDVIVPEEGELR",2,"y8","NA","H",6,"ReplC",18,18476.94337
"8270","IDHC","ATDVIVPEEGELR",2,"y8","NA","L",6,"ReplC",18,1905.809816
"8271","IDHC","ATDVIVPEEGELR",2,"y9","NA","H",6,"ReplC",18,11825.47039
"8272","IDHC","ATDVIVPEEGELR",2,"y9","NA","L",6,"ReplC",18,1367.724265
"8273","IDHC","DQTNDQVTVDSATATLK",2,"y10","NA","H",6,"ReplC",18,2616.188961
"8274","IDHC","DQTNDQVTVDSATATLK",2,"y10","NA","L",6,"ReplC",18,270.2521219
"8275","IDHC","DQTNDQVTVDSATATLK",2,"y11","NA","H",6,"ReplC",18,993.688979
"8276","IDHC","DQTNDQVTVDSATATLK",2,"y11","NA","L",6,"ReplC",18,144.9373999
"8277","IDHC","DQTNDQVTVDSATATLK",2,"y8","NA","H",6,"ReplC",18,1282.488922
"8278","IDHC","DQTNDQVTVDSATATLK",2,"y8","NA","L",6,"ReplC",18,278.2316776
"8443","PMG2","DYEGKPPPVDLDR",3,"y6","NA","H",6,"ReplC",18,970.637053
"8444","PMG2","DYEGKPPPVDLDR",3,"y6","NA","L",6,"ReplC",18,1975.3272
"8445","PMG2","DYEGKPPPVDLDR",3,"y7","NA","H",6,"ReplC",18,391.0571249
"8446","PMG2","DYEGKPPPVDLDR",3,"y7","NA","L",6,"ReplC",18,968.511196
"8447","PMG2","DYEGKPPPVDLDR",3,"y8","NA","H",6,"ReplC",18,122.2757395
"8448","PMG2","DYEGKPPPVDLDR",3,"y8","NA","L",6,"ReplC",18,886.036098
"8449","PMG2","ILEGISDDDIK",2,"y4","NA","H",6,"ReplC",18,742.102238
"8450","PMG2","ILEGISDDDIK",2,"y4","NA","L",6,"ReplC",18,739.949207
"8451","PMG2","ILEGISDDDIK",2,"y6","NA","H",6,"ReplC",18,753.432572
"8452","PMG2","ILEGISDDDIK",2,"y6","NA","L",6,"ReplC",18,829.550273
"8453","PMG2","ILEGISDDDIK",2,"y8","NA","H",6,"ReplC",18,250.8742781
"8454","PMG2","ILEGISDDDIK",2,"y8","NA","L",6,"ReplC",18,1031.238023
"8739","IDHC","ATDVIVPEEGELR",2,"y7","NA","H",7,"ReplA",19,96222.5364
"8740","IDHC","ATDVIVPEEGELR",2,"y7","NA","L",7,"ReplA",19,80473.5643
"8741","IDHC","ATDVIVPEEGELR",2,"y8","NA","H",7,"ReplA",19,33156.6864
"8742","IDHC","ATDVIVPEEGELR",2,"y8","NA","L",7,"ReplA",19,30683.64944
"8743","IDHC","ATDVIVPEEGELR",2,"y9","NA","H",7,"ReplA",19,21202.01327
"8744","IDHC","ATDVIVPEEGELR",2,"y9","NA","L",7,"ReplA",19,18983.73526
"8745","IDHC","DQTNDQVTVDSATATLK",2,"y10","NA","H",7,"ReplA",19,5119.017061
"8746","IDHC","DQTNDQVTVDSATATLK",2,"y10","NA","L",7,"ReplA",19,4812.976007
"8747","IDHC","DQTNDQVTVDSATATLK",2,"y11","NA","H",7,"ReplA",19,2149.666075
"8748","IDHC","DQTNDQVTVDSATATLK",2,"y11","NA","L",7,"ReplA",19,2093.111
"8749","IDHC","DQTNDQVTVDSATATLK",2,"y8","NA","H",7,"ReplA",19,2582.718559
"8750","IDHC","DQTNDQVTVDSATATLK",2,"y8","NA","L",7,"ReplA",19,2523.493025
"8915","PMG2","DYEGKPPPVDLDR",3,"y6","NA","H",7,"ReplA",19,1245.83182
"8916","PMG2","DYEGKPPPVDLDR",3,"y6","NA","L",7,"ReplA",19,2719.953878
"8917","PMG2","DYEGKPPPVDLDR",3,"y7","NA","H",7,"ReplA",19,420.8221891
"8918","PMG2","DYEGKPPPVDLDR",3,"y7","NA","L",7,"ReplA",19,1022.22024
"8919","PMG2","DYEGKPPPVDLDR",3,"y8","NA","H",7,"ReplA",19,319.5007941
"8920","PMG2","DYEGKPPPVDLDR",3,"y8","NA","L",7,"ReplA",19,1463.48096
"8921","PMG2","ILEGISDDDIK",2,"y4","NA","H",7,"ReplA",19,1992.414815
"8922","PMG2","ILEGISDDDIK",2,"y4","NA","L",7,"ReplA",19,3095.690515
"8923","PMG2","ILEGISDDDIK",2,"y6","NA","H",7,"ReplA",19,1511.674211
"8924","PMG2","ILEGISDDDIK",2,"y6","NA","L",7,"ReplA",19,2080.369993
"8925","PMG2","ILEGISDDDIK",2,"y8","NA","H",7,"ReplA",19,696.088208
"8926","PMG2","ILEGISDDDIK",2,"y8","NA","L",7,"ReplA",19,2784.708064
"9211","IDHC","ATDVIVPEEGELR",2,"y7","NA","H",7,"ReplB",20,46116.20583
"9212","IDHC","ATDVIVPEEGELR",2,"y7","NA","L",7,"ReplB",20,40045.09986
"9213","IDHC","ATDVIVPEEGELR",2,"y8","NA","H",7,"ReplB",20,15728.12288
"9214","IDHC","ATDVIVPEEGELR",2,"y8","NA","L",7,"ReplB",20,15208.49644
"9215","IDHC","ATDVIVPEEGELR",2,"y9","NA","H",7,"ReplB",20,9732.91435
"9216","IDHC","ATDVIVPEEGELR",2,"y9","NA","L",7,"ReplB",20,9618.16862
"9217","IDHC","DQTNDQVTVDSATATLK",2,"y10","NA","H",7,"ReplB",20,2423.802236
"9218","IDHC","DQTNDQVTVDSATATLK",2,"y10","NA","L",7,"ReplB",20,2362.645591
"9219","IDHC","DQTNDQVTVDSATATLK",2,"y11","NA","H",7,"ReplB",20,1090.659013
"9220","IDHC","DQTNDQVTVDSATATLK",2,"y11","NA","L",7,"ReplB",20,883.591469
"9221","IDHC","DQTNDQVTVDSATATLK",2,"y8","NA","H",7,"ReplB",20,1410.642233
"9222","IDHC","DQTNDQVTVDSATATLK",2,"y8","NA","L",7,"ReplB",20,1355.303559
"9387","PMG2","DYEGKPPPVDLDR",3,"y6","NA","H",7,"ReplB",20,858.424195
"9388","PMG2","DYEGKPPPVDLDR",3,"y6","NA","L",7,"ReplB",20,2001.369431
"9389","PMG2","DYEGKPPPVDLDR",3,"y7","NA","H",7,"ReplB",20,235.8401391
"9390","PMG2","DYEGKPPPVDLDR",3,"y7","NA","L",7,"ReplB",20,749.970805
"9391","PMG2","DYEGKPPPVDLDR",3,"y8","NA","H",7,"ReplB",20,146.0521997
"9392","PMG2","DYEGKPPPVDLDR",3,"y8","NA","L",7,"ReplB",20,921.273514
"9393","PMG2","ILEGISDDDIK",2,"y4","NA","H",7,"ReplB",20,782.628811
"9394","PMG2","ILEGISDDDIK",2,"y4","NA","L",7,"ReplB",20,1817.509162
"9395","PMG2","ILEGISDDDIK",2,"y6","NA","H",7,"ReplB",20,708.344344
"9396","PMG2","ILEGISDDDIK",2,"y6","NA","L",7,"ReplB",20,811.430225
"9397","PMG2","ILEGISDDDIK",2,"y8","NA","H",7,"ReplB",20,376.5359845
"9398","PMG2","ILEGISDDDIK",2,"y8","NA","L",7,"ReplB",20,1251.845673
"9683","IDHC","ATDVIVPEEGELR",2,"y7","NA","H",7,"ReplC",21,48954.49871
"9684","IDHC","ATDVIVPEEGELR",2,"y7","NA","L",7,"ReplC",21,39546.93383
"9685","IDHC","ATDVIVPEEGELR",2,"y8","NA","H",7,"ReplC",21,16206.28692
"9686","IDHC","ATDVIVPEEGELR",2,"y8","NA","L",7,"ReplC",21,15686.98017
"9687","IDHC","ATDVIVPEEGELR",2,"y9","NA","H",7,"ReplC",21,10805.38936
"9688","IDHC","ATDVIVPEEGELR",2,"y9","NA","L",7,"ReplC",21,9362.34713
"9689","IDHC","DQTNDQVTVDSATATLK",2,"y10","NA","H",7,"ReplC",21,2370.32474
"9690","IDHC","DQTNDQVTVDSATATLK",2,"y10","NA","L",7,"ReplC",21,2070.347852
"9691","IDHC","DQTNDQVTVDSATATLK",2,"y11","NA","H",7,"ReplC",21,1084.634924
"9692","IDHC","DQTNDQVTVDSATATLK",2,"y11","NA","L",7,"ReplC",21,908.594356
"9693","IDHC","DQTNDQVTVDSATATLK",2,"y8","NA","H",7,"ReplC",21,1246.357248
"9694","IDHC","DQTNDQVTVDSATATLK",2,"y8","NA","L",7,"ReplC",21,1424.932825
"9859","PMG2","DYEGKPPPVDLDR",3,"y6","NA","H",7,"ReplC",21,914.354508
"9860","PMG2","DYEGKPPPVDLDR",3,"y6","NA","L",7,"ReplC",21,1960.732902
"9861","PMG2","DYEGKPPPVDLDR",3,"y7","NA","H",7,"ReplC",21,413.3434258
"9862","PMG2","DYEGKPPPVDLDR",3,"y7","NA","L",7,"ReplC",21,982.166385
"9863","PMG2","DYEGKPPPVDLDR",3,"y8","NA","H",7,"ReplC",21,4.7407474
"9864","PMG2","DYEGKPPPVDLDR",3,"y8","NA","L",7,"ReplC",21,794.706964
"9865","PMG2","ILEGISDDDIK",2,"y4","NA","H",7,"ReplC",21,839.284375
"9866","PMG2","ILEGISDDDIK",2,"y4","NA","L",7,"ReplC",21,1464.881371
"9867","PMG2","ILEGISDDDIK",2,"y6","NA","H",7,"ReplC",21,825.902947
"9868","PMG2","ILEGISDDDIK",2,"y6","NA","L",7,"ReplC",21,974.000749
"9869","PMG2","ILEGISDDDIK",2,"y8","NA","H",7,"ReplC",21,503.6264443
"9870","PMG2","ILEGISDDDIK",2,"y8","NA","L",7,"ReplC",21,1437.779807
"10155","IDHC","ATDVIVPEEGELR",2,"y7","NA","H",8,"ReplA",22,95068.4101
"10156","IDHC","ATDVIVPEEGELR",2,"y7","NA","L",8,"ReplA",22,92706.369
"10157","IDHC","ATDVIVPEEGELR",2,"y8","NA","H",8,"ReplA",22,33129.99701
"10158","IDHC","ATDVIVPEEGELR",2,"y8","NA","L",8,"ReplA",22,35296.81363
"10159","IDHC","ATDVIVPEEGELR",2,"y9","NA","H",8,"ReplA",22,21451.39034
"10160","IDHC","ATDVIVPEEGELR",2,"y9","NA","L",8,"ReplA",22,21834.83357
"10161","IDHC","DQTNDQVTVDSATATLK",2,"y10","NA","H",8,"ReplA",22,4833.546096
"10162","IDHC","DQTNDQVTVDSATATLK",2,"y10","NA","L",8,"ReplA",22,4840.936433
"10163","IDHC","DQTNDQVTVDSATATLK",2,"y11","NA","H",8,"ReplA",22,2004.198981
"10164","IDHC","DQTNDQVTVDSATATLK",2,"y11","NA","L",8,"ReplA",22,2308.165572
"10165","IDHC","DQTNDQVTVDSATATLK",2,"y8","NA","H",8,"ReplA",22,2773.011888
"10166","IDHC","DQTNDQVTVDSATATLK",2,"y8","NA","L",8,"ReplA",22,2940.54417
"10331","PMG2","DYEGKPPPVDLDR",3,"y6","NA","H",8,"ReplA",22,974.677248
"10332","PMG2","DYEGKPPPVDLDR",3,"y6","NA","L",8,"ReplA",22,1942.391114
"10333","PMG2","DYEGKPPPVDLDR",3,"y7","NA","H",8,"ReplA",22,371.3851314
"10334","PMG2","DYEGKPPPVDLDR",3,"y7","NA","L",8,"ReplA",22,701.41013
"10335","PMG2","DYEGKPPPVDLDR",3,"y8","NA","H",8,"ReplA",22,482.2457348
"10336","PMG2","DYEGKPPPVDLDR",3,"y8","NA","L",8,"ReplA",22,767.65573
"10337","PMG2","ILEGISDDDIK",2,"y4","NA","H",8,"ReplA",22,1500.519321
"10338","PMG2","ILEGISDDDIK",2,"y4","NA","L",8,"ReplA",22,2708.478179
"10339","PMG2","ILEGISDDDIK",2,"y6","NA","H",8,"ReplA",22,1182.283055
"10340","PMG2","ILEGISDDDIK",2,"y6","NA","L",8,"ReplA",22,1838.37053
"10341","PMG2","ILEGISDDDIK",2,"y8","NA","H",8,"ReplA",22,585.787969
"10342","PMG2","ILEGISDDDIK",2,"y8","NA","L",8,"ReplA",22,2644.938003
"10627","IDHC","ATDVIVPEEGELR",2,"y7","NA","H",8,"ReplB",23,42359.11
"10628","IDHC","ATDVIVPEEGELR",2,"y7","NA","L",8,"ReplB",23,41085.9888
"10629","IDHC","ATDVIVPEEGELR",2,"y8","NA","H",8,"ReplB",23,14752.07673
"10630","IDHC","ATDVIVPEEGELR",2,"y8","NA","L",8,"ReplB",23,15898.80724
"10631","IDHC","ATDVIVPEEGELR",2,"y9","NA","H",8,"ReplB",23,9210.84553
"10632","IDHC","ATDVIVPEEGELR",2,"y9","NA","L",8,"ReplB",23,9687.28192
"10633","IDHC","DQTNDQVTVDSATATLK",2,"y10","NA","H",8,"ReplB",23,2657.420286
"10634","IDHC","DQTNDQVTVDSATATLK",2,"y10","NA","L",8,"ReplB",23,2799.877204
"10635","IDHC","DQTNDQVTVDSATATLK",2,"y11","NA","H",8,"ReplB",23,1089.14528
"10636","IDHC","DQTNDQVTVDSATATLK",2,"y11","NA","L",8,"ReplB",23,1041.398654
"10637","IDHC","DQTNDQVTVDSATATLK",2,"y8","NA","H",8,"ReplB",23,1367.997902
"10638","IDHC","DQTNDQVTVDSATATLK",2,"y8","NA","L",8,"ReplB",23,1675.801338
"10803","PMG2","DYEGKPPPVDLDR",3,"y6","NA","H",8,"ReplB",23,1154.300335
"10804","PMG2","DYEGKPPPVDLDR",3,"y6","NA","L",8,"ReplB",23,2220.271222
"10805","PMG2","DYEGKPPPVDLDR",3,"y7","NA","H",8,"ReplB",23,356.9046977
"10806","PMG2","DYEGKPPPVDLDR",3,"y7","NA","L",8,"ReplB",23,1083.696916
"10807","PMG2","DYEGKPPPVDLDR",3,"y8","NA","H",8,"ReplB",23,539.321688
"10808","PMG2","DYEGKPPPVDLDR",3,"y8","NA","L",8,"ReplB",23,1160.124283
"10809","PMG2","ILEGISDDDIK",2,"y4","NA","H",8,"ReplB",23,769.428929
"10810","PMG2","ILEGISDDDIK",2,"y4","NA","L",8,"ReplB",23,1493.955001
"10811","PMG2","ILEGISDDDIK",2,"y6","NA","H",8,"ReplB",23,903.151876
"10812","PMG2","ILEGISDDDIK",2,"y6","NA","L",8,"ReplB",23,814.324363
"10813","PMG2","ILEGISDDDIK",2,"y8","NA","H",8,"ReplB",23,449.6757171
"10814","PMG2","ILEGISDDDIK",2,"y8","NA","L",8,"ReplB",23,988.186358
"11099","IDHC","ATDVIVPEEGELR",2,"y7","NA","H",8,"ReplC",24,42835.91811
"11100","IDHC","ATDVIVPEEGELR",2,"y7","NA","L",8,"ReplC",24,42013.18787
"11101","IDHC","ATDVIVPEEGELR",2,"y8","NA","H",8,"ReplC",24,15247.00098
"11102","IDHC","ATDVIVPEEGELR",2,"y8","NA","L",8,"ReplC",24,15724.99254
"11103","IDHC","ATDVIVPEEGELR",2,"y9","NA","H",8,"ReplC",24,9598.64897
"11104","IDHC","ATDVIVPEEGELR",2,"y9","NA","L",8,"ReplC",24,9869.2345
"11105","IDHC","DQTNDQVTVDSATATLK",2,"y10","NA","H",8,"ReplC",24,2372.223872
"11106","IDHC","DQTNDQVTVDSATATLK",2,"y10","NA","L",8,"ReplC",24,2524.564747
"11107","IDHC","DQTNDQVTVDSATATLK",2,"y11","NA","H",8,"ReplC",24,1067.005225
"11108","IDHC","DQTNDQVTVDSATATLK",2,"y11","NA","L",8,"ReplC",24,1136.155989
"11109","IDHC","DQTNDQVTVDSATATLK",2,"y8","NA","H",8,"ReplC",24,1350.477139
"11110","IDHC","DQTNDQVTVDSATATLK",2,"y8","NA","L",8,"ReplC",24,1587.566385
"11275","PMG2","DYEGKPPPVDLDR",3,"y6","NA","H",8,"ReplC",24,1016.461282
"11276","PMG2","DYEGKPPPVDLDR",3,"y6","NA","L",8,"ReplC",24,1690.624682
"11277","PMG2","DYEGKPPPVDLDR",3,"y7","NA","H",8,"ReplC",24,433.1670393
"11278","PMG2","DYEGKPPPVDLDR",3,"y7","NA","L",8,"ReplC",24,929.269019
"11279","PMG2","DYEGKPPPVDLDR",3,"y8","NA","H",8,"ReplC",24,477.4277699
"11280","PMG2","DYEGKPPPVDLDR",3,"y8","NA","L",8,"ReplC",24,947.382084
"11281","PMG2","ILEGISDDDIK",2,"y4","NA","H",8,"ReplC",24,965.246971
"11282","PMG2","ILEGISDDDIK",2,"y4","NA","L",8,"ReplC",24,1582.336378
"11283","PMG2","ILEGISDDDIK",2,"y6","NA","H",8,"ReplC",24,687.599486
"11284","PMG2","ILEGISDDDIK",2,"y6","NA","L",8,"ReplC",24,824.798924
"11285","PMG2","ILEGISDDDIK",2,"y8","NA","H",8,"ReplC",24,268.0681648
"11286","PMG2","ILEGISDDDIK",2,"y8","NA","L",8,"ReplC",24,1255.831548
"11571","IDHC","ATDVIVPEEGELR",2,"y7","NA","H",9,"ReplA",25,105101.9658
"11572","IDHC","ATDVIVPEEGELR",2,"y7","NA","L",9,"ReplA",25,94030.6456
"11573","IDHC","ATDVIVPEEGELR",2,"y8","NA","H",9,"ReplA",25,35124.19758
"11574","IDHC","ATDVIVPEEGELR",2,"y8","NA","L",9,"ReplA",25,34081.52845
"11575","IDHC","ATDVIVPEEGELR",2,"y9","NA","H",9,"ReplA",25,22306.36864
"11576","IDHC","ATDVIVPEEGELR",2,"y9","NA","L",9,"ReplA",25,21531.54813
"11577","IDHC","DQTNDQVTVDSATATLK",2,"y10","NA","H",9,"ReplA",25,4836.791048
"11578","IDHC","DQTNDQVTVDSATATLK",2,"y10","NA","L",9,"ReplA",25,5025.594401
"11579","IDHC","DQTNDQVTVDSATATLK",2,"y11","NA","H",9,"ReplA",25,2264.480383
"11580","IDHC","DQTNDQVTVDSATATLK",2,"y11","NA","L",9,"ReplA",25,2290.155204
"11581","IDHC","DQTNDQVTVDSATATLK",2,"y8","NA","H",9,"ReplA",25,3086.556174
"11582","IDHC","DQTNDQVTVDSATATLK",2,"y8","NA","L",9,"ReplA",25,2639.655669
"11747","PMG2","DYEGKPPPVDLDR",3,"y6","NA","H",9,"ReplA",25,867.022688
"11748","PMG2","DYEGKPPPVDLDR",3,"y6","NA","L",9,"ReplA",25,1976.597698
"11749","PMG2","DYEGKPPPVDLDR",3,"y7","NA","H",9,"ReplA",25,330.7576351
"11750","PMG2","DYEGKPPPVDLDR",3,"y7","NA","L",9,"ReplA",25,884.815784
"11751","PMG2","DYEGKPPPVDLDR",3,"y8","NA","H",9,"ReplA",25,156.6929416
"11752","PMG2","DYEGKPPPVDLDR",3,"y8","NA","L",9,"ReplA",25,640.476874
"11753","PMG2","ILEGISDDDIK",2,"y4","NA","H",9,"ReplA",25,1365.894424
"11754","PMG2","ILEGISDDDIK",2,"y4","NA","L",9,"ReplA",25,3126.755202
"11755","PMG2","ILEGISDDDIK",2,"y6","NA","H",9,"ReplA",25,1167.730096
"11756","PMG2","ILEGISDDDIK",2,"y6","NA","L",9,"ReplA",25,1746.681822
"11757","PMG2","ILEGISDDDIK",2,"y8","NA","H",9,"ReplA",25,695.669195
"11758","PMG2","ILEGISDDDIK",2,"y8","NA","L",9,"ReplA",25,2600.104327
"12043","IDHC","ATDVIVPEEGELR",2,"y7","NA","H",9,"ReplB",26,48584.69804
"12044","IDHC","ATDVIVPEEGELR",2,"y7","NA","L",9,"ReplB",26,45447.77575
"12045","IDHC","ATDVIVPEEGELR",2,"y8","NA","H",9,"ReplB",26,17155.6531
"12046","IDHC","ATDVIVPEEGELR",2,"y8","NA","L",9,"ReplB",26,17655.22641
"12047","IDHC","ATDVIVPEEGELR",2,"y9","NA","H",9,"ReplB",26,11108.61923
"12048","IDHC","ATDVIVPEEGELR",2,"y9","NA","L",9,"ReplB",26,10910.31631
"12049","IDHC","DQTNDQVTVDSATATLK",2,"y10","NA","H",9,"ReplB",26,2567.363034
"12050","IDHC","DQTNDQVTVDSATATLK",2,"y10","NA","L",9,"ReplB",26,2462.995232
"12051","IDHC","DQTNDQVTVDSATATLK",2,"y11","NA","H",9,"ReplB",26,1105.25094
"12052","IDHC","DQTNDQVTVDSATATLK",2,"y11","NA","L",9,"ReplB",26,1218.906414
"12053","IDHC","DQTNDQVTVDSATATLK",2,"y8","NA","H",9,"ReplB",26,1545.204729
"12054","IDHC","DQTNDQVTVDSATATLK",2,"y8","NA","L",9,"ReplB",26,1553.162062
"12219","PMG2","DYEGKPPPVDLDR",3,"y6","NA","H",9,"ReplB",26,1004.194433
"12220","PMG2","DYEGKPPPVDLDR",3,"y6","NA","L",9,"ReplB",26,1884.454333
"12221","PMG2","DYEGKPPPVDLDR",3,"y7","NA","H",9,"ReplB",26,436.4397902
"12222","PMG2","DYEGKPPPVDLDR",3,"y7","NA","L",9,"ReplB",26,967.662224
"12223","PMG2","DYEGKPPPVDLDR",3,"y8","NA","H",9,"ReplB",26,190.4375453
"12224","PMG2","DYEGKPPPVDLDR",3,"y8","NA","L",9,"ReplB",26,990.282378
"12225","PMG2","ILEGISDDDIK",2,"y4","NA","H",9,"ReplB",26,922.793931
"12226","PMG2","ILEGISDDDIK",2,"y4","NA","L",9,"ReplB",26,2063.749135
"12227","PMG2","ILEGISDDDIK",2,"y6","NA","H",9,"ReplB",26,746.156891
"12228","PMG2","ILEGISDDDIK",2,"y6","NA","L",9,"ReplB",26,680.735318
"12229","PMG2","ILEGISDDDIK",2,"y8","NA","H",9,"ReplB",26,472.0479164
"12230","PMG2","ILEGISDDDIK",2,"y8","NA","L",9,"ReplB",26,1434.159289
"12515","IDHC","ATDVIVPEEGELR",2,"y7","NA","H",9,"ReplC",27,44066.0689
"12516","IDHC","ATDVIVPEEGELR",2,"y7","NA","L",9,"ReplC",27,40743.95819
"12517","IDHC","ATDVIVPEEGELR",2,"y8","NA","H",9,"ReplC",27,15074.26445
"12518","IDHC","ATDVIVPEEGELR",2,"y8","NA","L",9,"ReplC",27,15312.10257
"12519","IDHC","ATDVIVPEEGELR",2,"y9","NA","H",9,"ReplC",27,9740.80858
"12520","IDHC","ATDVIVPEEGELR",2,"y9","NA","L",9,"ReplC",27,10031.12404
"12521","IDHC","DQTNDQVTVDSATATLK",2,"y10","NA","H",9,"ReplC",27,2665.390774
"12522","IDHC","DQTNDQVTVDSATATLK",2,"y10","NA","L",9,"ReplC",27,2466.241893
"12523","IDHC","DQTNDQVTVDSATATLK",2,"y11","NA","H",9,"ReplC",27,1206.180386
"12524","IDHC","DQTNDQVTVDSATATLK",2,"y11","NA","L",9,"ReplC",27,1096.241094
"12525","IDHC","DQTNDQVTVDSATATLK",2,"y8","NA","H",9,"ReplC",27,1611.53302
"12526","IDHC","DQTNDQVTVDSATATLK",2,"y8","NA","L",9,"ReplC",27,1563.247982
"12691","PMG2","DYEGKPPPVDLDR",3,"y6","NA","H",9,"ReplC",27,1097.188984
"12692","PMG2","DYEGKPPPVDLDR",3,"y6","NA","L",9,"ReplC",27,1951.561433
"12693","PMG2","DYEGKPPPVDLDR",3,"y7","NA","H",9,"ReplC",27,517.355495
"12694","PMG2","DYEGKPPPVDLDR",3,"y7","NA","L",9,"ReplC",27,999.329188
"12695","PMG2","DYEGKPPPVDLDR",3,"y8","NA","H",9,"ReplC",27,175.4826829
"12696","PMG2","DYEGKPPPVDLDR",3,"y8","NA","L",9,"ReplC",27,988.831734
"12697","PMG2","ILEGISDDDIK",2,"y4","NA","H",9,"ReplC",27,1242.329694
"12698","PMG2","ILEGISDDDIK",2,"y4","NA","L",9,"ReplC",27,1971.035772
"12699","PMG2","ILEGISDDDIK",2,"y6","NA","H",9,"ReplC",27,1062.745894
"12700","PMG2","ILEGISDDDIK",2,"y6","NA","L",9,"ReplC",27,1038.194889
"12701","PMG2","ILEGISDDDIK",2,"y8","NA","H",9,"ReplC",27,468.5871167
"12702","PMG2","ILEGISDDDIK",2,"y8","NA","L",9,"ReplC",27,1534.275655
"12987","IDHC","ATDVIVPEEGELR",2,"y7","NA","H",10,"ReplA",28,115788.507
"12988","IDHC","ATDVIVPEEGELR",2,"y7","NA","L",10,"ReplA",28,106923.8055
"12989","IDHC","ATDVIVPEEGELR",2,"y8","NA","H",10,"ReplA",28,39351.63602
"12990","IDHC","ATDVIVPEEGELR",2,"y8","NA","L",10,"ReplA",28,41776.89343
"12991","IDHC","ATDVIVPEEGELR",2,"y9","NA","H",10,"ReplA",28,25437.0916
"12992","IDHC","ATDVIVPEEGELR",2,"y9","NA","L",10,"ReplA",28,25407.98024
"12993","IDHC","DQTNDQVTVDSATATLK",2,"y10","NA","H",10,"ReplA",28,4785.622461
"12994","IDHC","DQTNDQVTVDSATATLK",2,"y10","NA","L",10,"ReplA",28,5082.448498
"12995","IDHC","DQTNDQVTVDSATATLK",2,"y11","NA","H",10,"ReplA",28,2075.128399
"12996","IDHC","DQTNDQVTVDSATATLK",2,"y11","NA","L",10,"ReplA",28,2159.051932
"12997","IDHC","DQTNDQVTVDSATATLK",2,"y8","NA","H",10,"ReplA",28,2529.626409
"12998","IDHC","DQTNDQVTVDSATATLK",2,"y8","NA","L",10,"ReplA",28,3033.130908
"13163","PMG2","DYEGKPPPVDLDR",3,"y6","NA","H",10,"ReplA",28,1387.205907
"13164","PMG2","DYEGKPPPVDLDR",3,"y6","NA","L",10,"ReplA",28,3080.786108
"13165","PMG2","DYEGKPPPVDLDR",3,"y7","NA","H",10,"ReplA",28,730.709892
"13166","PMG2","DYEGKPPPVDLDR",3,"y7","NA","L",10,"ReplA",28,1445.842431
"13167","PMG2","DYEGKPPPVDLDR",3,"y8","NA","H",10,"ReplA",28,327.6863801
"13168","PMG2","DYEGKPPPVDLDR",3,"y8","NA","L",10,"ReplA",28,1338.279719
"13169","PMG2","ILEGISDDDIK",2,"y4","NA","H",10,"ReplA",28,1315.180642
"13170","PMG2","ILEGISDDDIK",2,"y4","NA","L",10,"ReplA",28,2484.053649
"13171","PMG2","ILEGISDDDIK",2,"y6","NA","H",10,"ReplA",28,1195.429453
"13172","PMG2","ILEGISDDDIK",2,"y6","NA","L",10,"ReplA",28,1738.723265
"13173","PMG2","ILEGISDDDIK",2,"y8","NA","H",10,"ReplA",28,840.476008
"13174","PMG2","ILEGISDDDIK",2,"y8","NA","L",10,"ReplA",28,2112.682007
"13459","IDHC","ATDVIVPEEGELR",2,"y7","NA","H",10,"ReplB",29,47438.91619
"13460","IDHC","ATDVIVPEEGELR",2,"y7","NA","L",10,"ReplB",29,45158.38202
"13461","IDHC","ATDVIVPEEGELR",2,"y8","NA","H",10,"ReplB",29,15754.49055
"13462","IDHC","ATDVIVPEEGELR",2,"y8","NA","L",10,"ReplB",29,17210.13392
"13463","IDHC","ATDVIVPEEGELR",2,"y9","NA","H",10,"ReplB",29,10343.95418
"13464","IDHC","ATDVIVPEEGELR",2,"y9","NA","L",10,"ReplB",29,10597.8034
"13465","IDHC","DQTNDQVTVDSATATLK",2,"y10","NA","H",10,"ReplB",29,2544.131473
"13466","IDHC","DQTNDQVTVDSATATLK",2,"y10","NA","L",10,"ReplB",29,2534.163492
"13467","IDHC","DQTNDQVTVDSATATLK",2,"y11","NA","H",10,"ReplB",29,933.424635
"13468","IDHC","DQTNDQVTVDSATATLK",2,"y11","NA","L",10,"ReplB",29,1197.978585
"13469","IDHC","DQTNDQVTVDSATATLK",2,"y8","NA","H",10,"ReplB",29,1424.448557
"13470","IDHC","DQTNDQVTVDSATATLK",2,"y8","NA","L",10,"ReplB",29,1429.883974
"13635","PMG2","DYEGKPPPVDLDR",3,"y6","NA","H",10,"ReplB",29,781.917632
"13636","PMG2","DYEGKPPPVDLDR",3,"y6","NA","L",10,"ReplB",29,2108.908841
"13637","PMG2","DYEGKPPPVDLDR",3,"y7","NA","H",10,"ReplB",29,375.1272282
"13638","PMG2","DYEGKPPPVDLDR",3,"y7","NA","L",10,"ReplB",29,919.900209
"13639","PMG2","DYEGKPPPVDLDR",3,"y8","NA","H",10,"ReplB",29,366.3286
"13640","PMG2","DYEGKPPPVDLDR",3,"y8","NA","L",10,"ReplB",29,1064.131341
"13641","PMG2","ILEGISDDDIK",2,"y4","NA","H",10,"ReplB",29,770.974442
"13642","PMG2","ILEGISDDDIK",2,"y4","NA","L",10,"ReplB",29,1674.718697
"13643","PMG2","ILEGISDDDIK",2,"y6","NA","H",10,"ReplB",29,796.305612
"13644","PMG2","ILEGISDDDIK",2,"y6","NA","L",10,"ReplB",29,656.797252
"13645","PMG2","ILEGISDDDIK",2,"y8","NA","H",10,"ReplB",29,508.454377
"13646","PMG2","ILEGISDDDIK",2,"y8","NA","L",10,"ReplB",29,1077.274457
"13931","IDHC","ATDVIVPEEGELR",2,"y7","NA","H",10,"ReplC",30,53699.86229
"13932","IDHC","ATDVIVPEEGELR",2,"y7","NA","L",10,"ReplC",30,52374.45394
"13933","IDHC","ATDVIVPEEGELR",2,"y8","NA","H",10,"ReplC",30,20092.69854
"13934","IDHC","ATDVIVPEEGELR",2,"y8","NA","L",10,"ReplC",30,20200.7943
"13935","IDHC","ATDVIVPEEGELR",2,"y9","NA","H",10,"ReplC",30,12038.23062
"13936","IDHC","ATDVIVPEEGELR",2,"y9","NA","L",10,"ReplC",30,12738.96345
"13937","IDHC","DQTNDQVTVDSATATLK",2,"y10","NA","H",10,"ReplC",30,2456.201913
"13938","IDHC","DQTNDQVTVDSATATLK",2,"y10","NA","L",10,"ReplC",30,2500.152591
"13939","IDHC","DQTNDQVTVDSATATLK",2,"y11","NA","H",10,"ReplC",30,1036.389038
"13940","IDHC","DQTNDQVTVDSATATLK",2,"y11","NA","L",10,"ReplC",30,1134.693369
"13941","IDHC","DQTNDQVTVDSATATLK",2,"y8","NA","H",10,"ReplC",30,1476.37577
"13942","IDHC","DQTNDQVTVDSATATLK",2,"y8","NA","L",10,"ReplC",30,1396.050778
"14107","PMG2","DYEGKPPPVDLDR",3,"y6","NA","H",10,"ReplC",30,998.260604
"14108","PMG2","DYEGKPPPVDLDR",3,"y6","NA","L",10,"ReplC",30,1861.856958
"14109","PMG2","DYEGKPPPVDLDR",3,"y7","NA","H",10,"ReplC",30,470.1103435
"14110","PMG2","DYEGKPPPVDLDR",3,"y7","NA","L",10,"ReplC",30,864.978534
"14111","PMG2","DYEGKPPPVDLDR",3,"y8","NA","H",10,"ReplC",30,210.9485439
"14112","PMG2","DYEGKPPPVDLDR",3,"y8","NA","L",10,"ReplC",30,1090.95772
"14113","PMG2","ILEGISDDDIK",2,"y4","NA","H",10,"ReplC",30,790.712
"14114","PMG2","ILEGISDDDIK",2,"y4","NA","L",10,"ReplC",30,1695.227759
"14115","PMG2","ILEGISDDDIK",2,"y6","NA","H",10,"ReplC",30,948.576652
"14116","PMG2","ILEGISDDDIK",2,"y6","NA","L",10,"ReplC",30,884.79224
"14117","PMG2","ILEGISDDDIK",2,"y8","NA","H",10,"ReplC",30,551.52381
"14118","PMG2","ILEGISDDDIK",2,"y8","NA","L",10,"ReplC",30,1345.822853
